time,id,clin_list,sim_list,seed,N_event,KS_dist,p-value,ex_max,ex_slope,frag_speed,N_split,a,b,alpha_f,Nimm,imm_rate,lin_ex,B_ex,alpha_e,x_max
1684277146,ISPRO.bc05,"[73, 84, 84, 86, 90, 93, 96, 96, 99, 100, 100, 101, 102, 103, 105, 105, 105, 106, 112, 112, 112, 113, 113, 114, 116, 116, 116, 117, 117, 119, 120, 120, 120, 121, 121, 121, 121, 122, 122, 123, 124, 124, 125, 125, 125, 126, 128, 128, 129, 129, 130, 130, 131, 131, 132, 132, 132, 133, 134, 134, 136, 137, 138, 138, 139, 140, 140, 141, 141, 142, 143, 144, 144, 145, 145, 150, 150, 150, 151, 151, 154, 154, 154, 155, 156, 157, 157, 158, 158, 158, 160, 160, 161, 162, 162, 162, 163, 164, 166, 167, 168, 169, 169, 170, 171, 171, 171, 172, 173, 173, 174, 176, 176, 178, 178, 178, 179, 180, 181, 181, 181, 181, 182, 183, 189, 190, 190, 191, 192, 193, 193, 193, 195, 197, 197, 198, 199, 199, 201, 202, 207, 208, 209, 209, 209, 212, 214, 215, 216, 217, 218, 218, 220, 222, 223, 225, 227, 228, 230, 230, 234, 238, 238, 238, 241, 251, 252, 253, 255, 256, 260, 260, 261, 263, 264, 266, 266, 266, 267, 269, 270, 271, 272, 272, 273, 273, 273, 273, 274, 274, 277, 277, 280, 280, 280, 281, 281, 281, 282, 282, 283, 283, 283, 284, 285, 289, 290, 291, 292, 294, 296, 296, 297, 299, 301, 302, 303, 303, 303, 306, 307, 307, 308, 309, 314, 315, 316, 317, 319, 322, 323, 324, 324, 324, 325, 325, 325, 326, 327, 328, 329, 329, 329, 334, 336, 337, 338, 339, 341, 342, 343, 343, 345, 345, 346, 346, 347, 348, 349, 350, 352, 355, 356, 357, 359, 360, 361, 362, 362, 368, 369, 369, 370, 372, 372, 372, 373, 374, 375, 375, 376, 377, 379, 380, 381, 382, 386, 386, 387, 387, 389, 389, 391, 391, 401, 401, 405, 407, 408, 413, 414, 416, 417, 424, 424, 427, 427, 429, 429, 430, 430, 435, 435, 437, 438, 439, 439, 441, 445, 445, 445, 446, 446, 448, 448, 449, 452, 453, 453, 454, 458, 459, 461, 462, 463, 465, 469, 471, 472, 472, 472, 474, 474, 476, 476, 477, 479, 480, 481, 487, 494, 504, 505, 507, 511, 511, 518, 521, 528, 529, 529, 531, 533, 537, 538, 539, 541, 545, 554, 554, 557, 557, 568, 584, 585, 592, 593, 594, 597, 603, 605, 609, 611, 612, 620, 620, 620, 624, 624, 633, 638, 638, 640, 648, 651, 652, 654, 661, 667, 668, 670, 670, 676, 677, 680, 694, 707, 708, 711, 717, 722, 727, 734, 736, 740, 744, 745, 750, 753, 756, 758, 761, 763, 765, 767, 768, 771, 772, 775, 777, 778, 780, 785, 787, 788, 791, 798, 818, 820, 827, 827, 827, 836, 837, 842, 849, 853, 857, 858, 859, 861, 862, 875, 882, 883, 888, 893, 894, 896, 898, 901, 905, 910, 911, 912, 922, 924, 925, 934, 938, 939, 944, 947, 966, 969, 976, 984, 987, 988, 1001, 1002, 1007, 1009, 1019, 1030, 1032, 1038, 1040, 1041, 1052, 1053, 1058, 1065, 1069, 1072, 1078, 1089, 1090, 1093, 1094, 1095, 1096, 1102, 1103, 1109, 1111, 1116, 1134, 1152, 1154, 1162, 1164, 1167, 1167, 1170, 1177, 1178, 1182, 1192, 1194, 1196, 1199, 1201, 1202, 1209, 1219, 1224, 1229, 1239, 1247, 1247, 1249, 1254, 1263, 1275, 1289, 1305, 1308, 1311, 1316, 1328, 1331, 1332, 1344, 1345, 1353, 1356, 1363, 1373, 1375, 1381, 1384, 1392, 1403, 1419, 1420, 1430, 1438, 1466, 1467, 1507, 1508, 1511, 1517, 1521, 1526, 1530, 1531, 1531, 1555, 1563, 1568, 1577, 1582, 1586, 1594, 1595, 1606, 1610, 1616, 1638, 1640, 1645, 1647, 1650, 1657, 1657, 1661, 1680, 1681, 1681, 1683, 1690, 1709, 1711, 1724, 1734, 1754, 1758, 1762, 1766, 1772, 1785, 1807, 1810, 1822, 1823, 1826, 1861, 1862, 1871, 1923, 1941, 1958, 1976, 1989, 1998, 2002, 2011, 2012, 2012, 2014, 2030, 2040, 2051, 2056, 2067, 2074, 2079, 2084, 2087, 2087, 2110, 2115, 2117, 2117, 2135, 2146, 2151, 2156, 2162, 2163, 2176, 2176, 2184, 2188, 2193, 2197, 2201, 2216, 2230, 2233, 2256, 2266, 2274, 2276, 2276, 2277, 2299, 2326, 2338, 2364, 2368, 2372, 2377, 2402, 2403, 2409, 2414, 2426, 2466, 2466, 2497, 2519, 2522, 2535, 2546, 2565, 2578, 2593, 2612, 2612, 2636, 2646, 2681, 2704, 2708, 2716, 2722, 2732, 2802, 2809, 2813, 2824, 2825, 2846, 2855, 2856, 2861, 2865, 2872, 2946, 2947, 2968, 3006, 3007, 3010, 3052, 3062, 3100, 3102, 3119, 3145, 3236, 3275, 3285, 3292, 3293, 3304, 3317, 3326, 3342, 3359, 3362, 3369, 3373, 3376, 3411, 3413, 3424, 3426, 3430, 3447, 3460, 3538, 3565, 3567, 3598, 3616, 3669, 3670, 3740, 3743, 3750, 3753, 3754, 3795, 3855, 3860, 3868, 3873, 3873, 3875, 3887, 3959, 3978, 4003, 4078, 4132, 4135, 4151, 4172, 4188, 4198, 4243, 4260, 4270, 4276, 4281, 4294, 4297, 4302, 4309, 4318, 4342, 4346, 4361, 4462, 4481, 4501, 4509, 4522, 4529, 4531, 4593, 4616, 4624, 4643, 4653, 4699, 4703, 4775, 4815, 4817, 4858, 4911, 4943, 4984, 4988, 5036, 5048, 5094, 5150, 5159, 5197, 5240, 5257, 5286, 5339, 5346, 5360, 5383, 5426, 5437, 5458, 5464, 5466, 5482, 5492, 5529, 5672, 5683, 5687, 5699, 5803, 5871, 5897, 5926, 5948, 5984, 5992, 6007, 6098, 6109, 6126, 6183, 6194, 6195, 6326, 6342, 6380, 6467, 6483, 6523, 6618, 6626, 6675, 6680, 6727, 6775, 6791, 6858, 6893, 7103, 7291, 7399, 7424, 7681, 7818, 7826, 7842, 7875, 8407, 8421, 8456, 8659, 8716, 8863, 9045, 9180, 9247, 9440, 9468, 9691, 9905]","[5728. 4805. 6154. 4564. 8334. 9835. 7436. 4923. 9679. 9419. 5467. 4507.
 8886. 3272. 8083. 2439. 6153. 4559. 4813. 6052. 8568. 9662. 5263. 4111.
 2239. 7553. 4335. 7731. 8122. 3412. 9281. 3374. 5707. 8896. 7505. 8826.
 6951. 6271. 2098. 3693. 7759. 6801. 2700. 2991. 6392. 3975. 9272. 4374.
 5618. 5690. 6441. 2650. 7588. 9614. 4493. 8897. 3816. 2621. 5075. 4063.
 3887. 3621. 4687.  714. 5625. 8098. 8067. 2571. 3568. 8572. 6454. 3599.
 3083. 9202. 6323. 1063. 2910. 6404. 3215. 3907. 2614. 2802. 6630. 4707.
 3170. 1018. 1683. 2077. 2586. 2232. 3644. 2143. 8776. 1538. 1341. 1173.
 6508. 1440. 3694. 3291. 3069. 1632. 3672. 5533. 7371. 6048. 3045. 2915.
 6135. 5944. 2736. 6364. 1675. 1043. 1588. 3759. 4588. 1093. 4506. 1219.
 3227. 7436. 2182. 8016. 1965. 3502. 2220. 1251. 3906. 2826. 2358. 5560.
 6393. 8237. 1223. 5136.  950. 7088. 5001. 1480. 3674. 4874.  833. 3109.
 2334. 3150. 3141. 7854. 2136.  740. 3070. 5709.  719. 2091. 1217. 4187.
 3451. 3234. 1277.  741. 4491. 1653. 1389.  468.  588. 5854. 2095.  432.
  858. 3947.  596. 2222. 1014.  734. 9146. 2438.  931. 9273.  729. 7620.
 2251.  734. 2011. 2417. 1120.  457. 1683. 2511. 1089. 4362. 4963. 9365.
 2336.  436.  691. 3994.  998. 2495. 2312. 1807. 1545.  453. 1864.  373.
 1999. 3227. 1514.  427. 1250. 3993.  991. 4669. 5615. 1738. 5545.  546.
 1239. 5279.  884.  879. 4160. 4106. 4730. 1682. 5145.  612. 1499. 4046.
 7769. 3140. 3858. 4137.  907. 1425. 1151. 3800.  392.  891. 1549. 2237.
 7619. 1087.  781. 8083. 2864. 2352. 1013.  539. 1635. 2292. 1134. 1249.
 6380. 2279.  660. 3437.  479.  682.  830. 4538.  750.  884.  461. 1884.
 1496.  565. 5683. 1508. 3301.  242.  883. 7655.  717. 1271. 2283.  272.
 2809.  425. 2601. 2464. 9327.  711.  779. 1244. 5615.  293. 1787. 2632.
  176.  563. 1195. 1939.  936.  730.  747. 7627.  432. 1105. 1268. 2882.
 1531. 1054. 1046.  709. 2139. 6071.  771.  961.  238.  426.  458. 4292.
 2460.  518. 3241. 1109. 5956. 1889.  742. 2643. 5416. 1945. 1142.  229.
 1453. 3164. 1944.  497.  654. 1796.  875. 1611.  558. 3848. 5833.  859.
 1854.  727.  674. 2759. 1737. 3580. 3608.  443.  646. 1578.  300.  338.
  323. 2191. 3604. 2471.  480.  254. 4383. 1668.  212. 1232.  455.  380.
 6900. 5264. 2005.  570.  373.  146. 1787. 1490. 1929. 1242.  281. 1535.
 3208.  497. 1892.  268.  603. 1158.  619.  455.  420. 1369.  676.  578.
 1311.  852.  268. 2747. 3352. 2235. 4235.  257.  832. 1110.  457.  904.
  516.  231.  660.  285.  966.  397. 1997.  466.  512.  499. 2219. 3638.
 1728. 1223.  634. 2441. 1091. 1913. 4015. 1367.  493. 1543.  472.  374.
  531. 2202.  348.  852.  426.  266.  430.  480.  880. 1434.  613. 1131.
  194.  193.  804. 2048.  589. 3674.  389. 1017.  871. 4591.  400. 1942.
  219. 5221. 2847.  465.  736.  517.  465. 1401. 2254.  242. 1046. 2439.
 2898.  220.  293. 1274. 1061.  286.  401.  244. 1213.  605.  953. 1880.
  309.  484.  622.  280. 4723.  319.  569. 1239. 1283.  144. 3024.  777.
  710. 1148.  244. 1104.  889.  299. 1409.  683.  154.  925.  990.  246.
  879. 1265. 1149. 1144.  397.  362.  212.  983. 1932.  392.  488.  837.
  112.  673.  422.  223. 2027. 3044.  894.  806.  605.  627. 5759.  560.
  596.  200. 2735. 3903. 1322.  481.  337. 1184.  125.  764. 5060. 1787.
  223.  693.  217.  137. 1535. 1551.  435. 3520.  196.  292. 1087.  816.
  450. 2627.  402. 1328.  621. 1553.  426. 1197. 2605.  307.  645.  254.
  170.  645. 3484.  144.  692.  525. 8243.  760.  239.  256.  304.  558.
  266.  667.  843.  822. 1562. 1524. 1133.  645. 1969.  179.  756.  364.
 2946.  661.  449.  681.  226. 1305. 5108.  372.  591. 7899. 2106.  676.
 3874. 1495.  467.  314.  115.  140.  887. 1974.  476.  256.  333.  180.
 1102.  402.  534.  303.  785.  218.  614.  252.  280. 9703.  167.  858.
 3204.  196. 2357. 1199.  261.  453.  207.  289.  471.  140.  229.  665.
  927.  238.  450.  193.  466. 3410.  225.  836.  127.  313.  616.  629.
  100.  590.  157.  206. 1036.  688.  202.  325.  172.  502.  324.   99.
  353. 1122.  444.  305.  574. 2242.  252. 1754.  107.  832.  474. 1507.
  303.  585.  788. 1171.  231.  219.  309.  376.  100.   99.   77.  535.
 1640. 1494.  925.  464.  114.  884.  204.  190.  153.  707.  184. 1146.
  667.  117.   98.  346.  230.  162.  170.  239.  236.  557.  433.  342.
  610.  141.  174.  130.   72.  158.  363. 4604. 4493.  521.   86.  310.
  511.  418.  254.  432.  108. 1713.  641.  158.  119.  340.  167.  133.
 4347. 4145.  887.  133.  222.   84.  256.  166.  266.  251. 1981. 6806.
 1270.  143.  141.  112.  486.  452.  660.  735. 1448. 1844.  160.  180.
  187.  182. 7477. 2373.  188.  554.  187. 2380.  470.  383.  211.  476.
 7177.  336.  115.  116.  157.  495.  560.  321.  541. 5019. 1011. 1922.
   84. 3588. 1016.  130.  289.   67.  125.  250.   75.  254.  146.  230.
  139.  670.  528. 1383.  100.   68.  258.  561.  174. 1933. 1732.  563.
   99.  193.  264.  111.  369.  311.   54.  144. 4864.  184.  217.  149.
  253.  332.  286.  118.  743.  259.  145.  112.  174.  305.  209.  168.
  248.   89.  601.  275.   85. 2035.   69.  183.  181. 1137.  247.  296.
   80.  412.  573.  150.  124.  589.  705.   53.  393.  476.  330.  257.
  548.  626.   60.  420.  125.  125.  156.   53.  210.  471.  260.   88.
  394.  341.  286.  696.   91.  423.  260.  114.  187.  136.  493.  255.
  208.  522.  105.  128.  215.  161.  117.  440.  140.  137.  690.  311.
   96.  122. 1618.  353.  176.   70.  338.  210. 1004. 1320.  577.  181.
  414.  137.  101.  438.   68.  263.   41.   71. 7001.  932. 1594.  317.
  114.  493.   58.  949.  523.  133.  525.   79.   83.  166.   72.   88.
   46.  210.  437.  118.   52.   81.  362.  183.  145.   76.   76.  147.
   58.  272.   66. 2733.  198. 2579.  917.   39.  122.   36.  174.   36.
  176.  423.   25.  150.  156.   54.   25.  100.   63.  148.  559.   34.
  750.  122.  135.  342.   87.   20.   47.   38.   56.   49.   40.  103.
   32.  197.]",42,1000000,0.047938223938223945,0.21639883579523334,140,16500,750000,2,1,1,-0.78,1,8,False,inf,-2.1,10000
1684277275,ISPRO.S1,"[70, 78, 90, 93, 96, 101, 101, 105, 106, 108, 111, 112, 113, 113, 115, 115, 116, 119, 123, 123, 123, 124, 125, 125, 126, 126, 128, 130, 130, 130, 130, 132, 132, 133, 133, 133, 134, 134, 134, 134, 134, 134, 135, 135, 137, 137, 139, 140, 141, 141, 142, 142, 142, 143, 143, 143, 145, 145, 146, 146, 146, 147, 147, 147, 147, 147, 147, 148, 148, 148, 148, 149, 149, 149, 151, 151, 151, 151, 152, 152, 152, 152, 153, 153, 154, 154, 154, 155, 156, 156, 157, 157, 157, 157, 157, 157, 158, 158, 158, 158, 158, 159, 160, 160, 160, 162, 162, 162, 162, 162, 162, 163, 163, 163, 163, 163, 164, 164, 165, 165, 165, 165, 166, 166, 166, 167, 167, 168, 168, 168, 168, 169, 170, 170, 171, 172, 172, 173, 173, 173, 173, 173, 173, 175, 176, 176, 176, 176, 177, 177, 177, 178, 179, 179, 179, 179, 179, 179, 179, 180, 180, 180, 181, 181, 182, 182, 182, 182, 183, 184, 184, 184, 184, 185, 185, 185, 186, 186, 186, 187, 187, 188, 188, 188, 189, 189, 189, 189, 189, 189, 190, 190, 190, 190, 190, 191, 191, 191, 192, 193, 194, 194, 194, 195, 195, 196, 196, 197, 197, 198, 198, 198, 198, 200, 200, 200, 201, 202, 203, 203, 204, 204, 206, 206, 206, 206, 206, 206, 207, 207, 207, 208, 208, 208, 209, 210, 212, 212, 212, 213, 213, 213, 213, 214, 214, 214, 214, 215, 215, 215, 215, 216, 217, 218, 218, 218, 218, 219, 219, 219, 219, 219, 219, 219, 219, 219, 219, 221, 221, 221, 221, 222, 222, 223, 224, 224, 225, 225, 226, 227, 227, 228, 228, 229, 229, 230, 230, 231, 231, 231, 231, 232, 232, 232, 232, 232, 233, 233, 233, 233, 234, 235, 235, 236, 236, 237, 238, 238, 239, 240, 240, 242, 242, 242, 243, 243, 244, 245, 245, 246, 246, 247, 247, 247, 247, 248, 249, 249, 249, 249, 250, 250, 251, 251, 252, 254, 254, 254, 255, 255, 257, 258, 258, 258, 258, 259, 259, 259, 260, 261, 261, 261, 262, 262, 262, 263, 263, 264, 264, 265, 265, 266, 266, 266, 266, 266, 266, 267, 267, 269, 269, 270, 270, 270, 271, 271, 272, 272, 272, 273, 274, 274, 276, 276, 276, 277, 278, 278, 280, 281, 281, 281, 282, 282, 283, 284, 284, 284, 286, 286, 286, 286, 287, 287, 287, 287, 288, 289, 289, 289, 290, 291, 291, 291, 292, 293, 295, 295, 296, 300, 301, 301, 302, 302, 303, 303, 303, 303, 303, 304, 305, 305, 305, 305, 306, 307, 307, 307, 307, 308, 308, 308, 309, 309, 310, 310, 310, 311, 311, 311, 311, 312, 312, 313, 314, 314, 314, 315, 316, 317, 317, 317, 317, 319, 320, 320, 320, 321, 322, 322, 322, 322, 322, 322, 322, 323, 323, 323, 323, 324, 325, 325, 326, 327, 328, 328, 330, 331, 331, 332, 332, 333, 333, 334, 334, 335, 335, 335, 336, 336, 336, 337, 338, 339, 339, 339, 340, 340, 341, 342, 343, 344, 344, 344, 345, 345, 346, 348, 348, 348, 348, 350, 350, 350, 350, 350, 351, 351, 352, 352, 353, 354, 355, 355, 355, 355, 355, 356, 356, 356, 357, 358, 358, 360, 361, 363, 363, 363, 363, 364, 365, 365, 366, 366, 367, 367, 367, 367, 367, 368, 368, 368, 368, 368, 369, 369, 369, 370, 370, 370, 370, 371, 371, 371, 372, 372, 372, 372, 372, 373, 373, 373, 373, 373, 373, 374, 374, 374, 375, 375, 375, 375, 375, 375, 375, 375, 375, 375, 375, 375, 375, 375, 375, 375, 376, 376, 377, 378, 379, 379, 379, 380, 380, 380, 381, 381, 382, 382, 383, 383, 384, 386, 388, 388, 388, 388, 390, 390, 390, 391, 391, 392, 392, 392, 394, 394, 394, 395, 396, 396, 398, 398, 399, 400, 400, 400, 400, 400, 401, 402, 404, 404, 404, 407, 407, 409, 409, 410, 412, 412, 412, 413, 415, 415, 416, 417, 417, 417, 418, 418, 419, 421, 421, 422, 422, 422, 423, 423, 423, 423, 424, 424, 425, 425, 425, 425, 426, 426, 427, 427, 427, 427, 428, 429, 429, 430, 431, 431, 431, 432, 433, 433, 433, 434, 434, 435, 435, 435, 436, 437, 438, 438, 439, 439, 439, 440, 440, 440, 440, 440, 440, 441, 441, 441, 441, 441, 442, 443, 443, 443, 444, 444, 444, 444, 444, 444, 446, 448, 448, 448, 449, 449, 450, 451, 451, 453, 453, 453, 453, 453, 453, 453, 453, 453, 453, 454, 455, 455, 455, 455, 455, 455, 456, 456, 456, 457, 457, 458, 458, 458, 460, 460, 461, 461, 461, 462, 463, 463, 463, 463, 464, 464, 465, 465, 465, 465, 466, 466, 467, 469, 470, 471, 471, 472, 472, 474, 474, 474, 477, 477, 477, 477, 477, 478, 479, 479, 480, 480, 480, 481, 482, 482, 482, 482, 483, 484, 484, 485, 485, 485, 486, 486, 486, 487, 487, 487, 488, 488, 488, 489, 489, 490, 490, 490, 491, 495, 495, 496, 497, 498, 498, 499, 500, 503, 507, 507, 508, 508, 508, 509, 509, 510, 510, 512, 512, 513, 513, 514, 515, 515, 516, 516, 516, 517, 517, 517, 519, 520, 520, 523, 524, 524, 524, 525, 525, 525, 525, 527, 527, 527, 527, 528, 528, 528, 529, 529, 529, 530, 532, 532, 533, 533, 533, 534, 534, 535, 536, 537, 537, 538, 539, 539, 541, 541, 542, 542, 542, 542, 542, 543, 544, 545, 545, 548, 548, 548, 548, 549, 550, 550, 552, 552, 552, 553, 553, 553, 554, 554, 557, 557, 558, 559, 559, 560, 560, 561, 561, 563, 563, 564, 566, 568, 569, 570, 570, 571, 571, 571, 571, 572, 573, 573, 575, 575, 576, 576, 577, 577, 577, 578, 578, 578, 579, 579, 580, 580, 580, 581, 581, 581, 581, 582, 582, 582, 583, 583, 584, 584, 584, 585, 585, 586, 586, 587, 587, 589, 589, 589, 590, 591, 591, 591, 591, 593, 594, 595, 595, 596, 597, 597, 598, 599, 599, 599, 600, 601, 601, 602, 602, 603, 603, 603, 605, 605, 608, 609, 609, 610, 611, 611, 612, 613, 613, 613, 614, 614, 615, 616, 616, 617, 618, 618, 618, 620, 621, 621, 622, 622, 623, 623, 623, 624, 624, 625, 625, 626, 626, 627, 627, 628, 629, 631, 631, 633, 633, 633, 633, 634, 636, 637, 637, 637, 638, 639, 639, 641, 642, 642, 642, 642, 643, 644, 644, 644, 645, 645, 646, 646, 646, 647, 647, 647, 647, 647, 647, 648, 649, 650, 650, 650, 651, 652, 652, 652, 654, 655, 655, 656, 656, 656, 656, 658, 658, 658, 659, 659, 661, 661, 662, 663, 663, 664, 664, 664, 665, 666, 667, 668, 669, 670, 670, 671, 672, 672, 672, 674, 674, 675, 676, 676, 677, 677, 677, 677, 678, 679, 680, 681, 681, 684, 684, 685, 686, 688, 689, 690, 690, 691, 691, 692, 692, 693, 693, 694, 694, 695, 696, 697, 697, 697, 698, 700, 701, 701, 702, 702, 702, 703, 704, 704, 704, 704, 705, 707, 708, 708, 709, 712, 712, 712, 714, 714, 714, 716, 716, 717, 717, 718, 721, 721, 722, 722, 723, 723, 724, 724, 725, 728, 728, 729, 729, 730, 731, 731, 732, 733, 734, 734, 736, 736, 737, 738, 739, 741, 741, 741, 742, 742, 743, 743, 743, 744, 746, 746, 746, 747, 748, 748, 748, 748, 749, 749, 750, 750, 752, 752, 752, 753, 753, 753, 753, 754, 755, 755, 755, 755, 756, 757, 760, 760, 761, 761, 762, 762, 762, 762, 762, 763, 763, 764, 764, 764, 764, 765, 765, 766, 767, 767, 768, 769, 770, 770, 771, 771, 771, 773, 776, 776, 777, 777, 778, 778, 779, 779, 780, 780, 782, 782, 782, 782, 783, 784, 785, 787, 787, 788, 789, 789, 790, 790, 791, 792, 793, 793, 795, 795, 796, 797, 797, 798, 798, 800, 801, 802, 802, 803, 803, 804, 805, 805, 805, 807, 808, 808, 809, 811, 812, 812, 813, 814, 814, 814, 814, 816, 819, 820, 821, 821, 822, 823, 823, 824, 824, 826, 826, 826, 826, 831, 832, 833, 834, 835, 837, 839, 839, 841, 841, 842, 842, 843, 844, 845, 845, 846, 846, 848, 849, 851, 851, 853, 853, 854, 854, 854, 855, 856, 856, 856, 856, 857, 857, 857, 860, 860, 860, 860, 860, 861, 861, 861, 861, 862, 863, 864, 866, 866, 869, 871, 871, 871, 872, 872, 873, 873, 875, 876, 876, 877, 877, 877, 878, 878, 879, 880, 881, 882, 882, 883, 883, 884, 888, 888, 888, 888, 890, 891, 892, 892, 892, 892, 893, 894, 896, 896, 896, 897, 897, 897, 898, 899, 899, 900, 901, 902, 902, 902, 904, 906, 907, 907, 907, 908, 908, 909, 909, 910, 910, 911, 912, 913, 914, 914, 916, 916, 916, 917, 917, 917, 919, 919, 920, 920, 920, 921, 921, 922, 923, 926, 928, 929, 929, 929, 930, 930, 932, 932, 933, 935, 935, 935, 936, 936, 938, 938, 939, 940, 940, 941, 941, 941, 942, 943, 947, 947, 949, 951, 953, 954, 958, 958, 959, 959, 960, 961, 961, 962, 962, 962, 962, 962, 962, 963, 964, 964, 965, 965, 966, 966, 966, 967, 967, 967, 968, 969, 971, 971, 971, 972, 974, 975, 975, 977, 977, 979, 980, 981, 981, 982, 985, 985, 986, 986, 987, 988, 988, 989, 990, 990, 990, 991, 991, 993, 993, 994, 997, 997, 999, 1001, 1001, 1003, 1003, 1004, 1005, 1005, 1005, 1005, 1006, 1007, 1007, 1009, 1010, 1011, 1012, 1012, 1013, 1014, 1015, 1015, 1017, 1017, 1018, 1018, 1019, 1020, 1020, 1020, 1021, 1021, 1022, 1022, 1022, 1023, 1023, 1023, 1026, 1027, 1027, 1028, 1028, 1029, 1030, 1030, 1030, 1030, 1031, 1032, 1033, 1035, 1036, 1037, 1041, 1042, 1042, 1042, 1042, 1043, 1044, 1047, 1048, 1048, 1048, 1049, 1049, 1050, 1051, 1051, 1051, 1053, 1054, 1055, 1055, 1058, 1059, 1060, 1061, 1062, 1062, 1063, 1064, 1065, 1066, 1066, 1067, 1067, 1069, 1069, 1070, 1071, 1072, 1073, 1073, 1075, 1077, 1081, 1082, 1085, 1085, 1086, 1089, 1089, 1089, 1091, 1091, 1092, 1094, 1096, 1096, 1096, 1097, 1098, 1099, 1103, 1103, 1104, 1104, 1104, 1104, 1105, 1105, 1107, 1107, 1108, 1108, 1109, 1109, 1110, 1110, 1110, 1111, 1111, 1111, 1112, 1113, 1114, 1115, 1116, 1116, 1116, 1116, 1117, 1118, 1119, 1120, 1120, 1122, 1122, 1123, 1126, 1126, 1127, 1128, 1128, 1129, 1130, 1130, 1130, 1132, 1133, 1133, 1134, 1135, 1135, 1138, 1138, 1139, 1141, 1141, 1141, 1141, 1142, 1145, 1145, 1145, 1145, 1146, 1148, 1148, 1148, 1149, 1150, 1151, 1153, 1153, 1154, 1154, 1155, 1155, 1156, 1157, 1158, 1159, 1159, 1159, 1161, 1161, 1161, 1162, 1162, 1162, 1163, 1165, 1166, 1166, 1167, 1170, 1170, 1172, 1172, 1173, 1173, 1173, 1174, 1175, 1176, 1177, 1178, 1179, 1181, 1182, 1183, 1183, 1183, 1184, 1187, 1188, 1190, 1190, 1190, 1191, 1191, 1193, 1193, 1194, 1195, 1196, 1197, 1200, 1202, 1203, 1204, 1205, 1206, 1206, 1207, 1208, 1209, 1210, 1210, 1211, 1211, 1213, 1213, 1214, 1214, 1214, 1214, 1216, 1216, 1217, 1218, 1220, 1222, 1223, 1223, 1223, 1223, 1226, 1227, 1228, 1230, 1230, 1231, 1232, 1233, 1234, 1235, 1236, 1238, 1238, 1238, 1239, 1239, 1242, 1242, 1244, 1245, 1245, 1247, 1247, 1248, 1248, 1249, 1250, 1250, 1251, 1252, 1254, 1255, 1256, 1260, 1260, 1262, 1262, 1265, 1265, 1266, 1269, 1269, 1270, 1270, 1271, 1271, 1271, 1272, 1272, 1273, 1274, 1275, 1275, 1276, 1277, 1279, 1279, 1280, 1281, 1281, 1282, 1284, 1286, 1287, 1287, 1289, 1289, 1290, 1293, 1293, 1295, 1296, 1297, 1298, 1298, 1299, 1301, 1306, 1307, 1307, 1307, 1308, 1309, 1312, 1312, 1313, 1313, 1315, 1315, 1316, 1316, 1318, 1319, 1319, 1320, 1320, 1320, 1321, 1323, 1324, 1325, 1326, 1327, 1328, 1329, 1329, 1329, 1335, 1336, 1339, 1342, 1343, 1343, 1345, 1346, 1346, 1346, 1346, 1346, 1347, 1349, 1350, 1350, 1350, 1351, 1351, 1351, 1354, 1355, 1356, 1357, 1358, 1358, 1362, 1362, 1362, 1363, 1365, 1365, 1367, 1368, 1368, 1368, 1368, 1369, 1369, 1369, 1371, 1371, 1374, 1374, 1379, 1379, 1379, 1380, 1381, 1381, 1381, 1382, 1384, 1386, 1387, 1387, 1387, 1391, 1392, 1392, 1393, 1394, 1398, 1400, 1402, 1402, 1404, 1405, 1405, 1406, 1407, 1407, 1408, 1409, 1409, 1409, 1410, 1410, 1411, 1412, 1413, 1414, 1414, 1414, 1414, 1415, 1417, 1417, 1418, 1418, 1418, 1420, 1422, 1423, 1423, 1424, 1425, 1427, 1427, 1429, 1429, 1431, 1431, 1432, 1433, 1436, 1436, 1439, 1440, 1440, 1441, 1442, 1443, 1444, 1444, 1444, 1446, 1451, 1452, 1452, 1452, 1453, 1454, 1454, 1455, 1455, 1456, 1456, 1456, 1457, 1457, 1457, 1459, 1461, 1462, 1462, 1464, 1464, 1465, 1465, 1465, 1466, 1467, 1470, 1470, 1471, 1471, 1473, 1475, 1476, 1477, 1479, 1480, 1482, 1482, 1482, 1485, 1486, 1487, 1488, 1488, 1489, 1490, 1491, 1493, 1494, 1496, 1497, 1497, 1497, 1497, 1498, 1500, 1501, 1502, 1502, 1504, 1504, 1504, 1506, 1507, 1507, 1508, 1509, 1509, 1512, 1513, 1514, 1515, 1516, 1517, 1517, 1518, 1519, 1519, 1520, 1522, 1523, 1525, 1527, 1529, 1530, 1531, 1533, 1535, 1536, 1536, 1540, 1542, 1548, 1549, 1549, 1550, 1554, 1555, 1555, 1557, 1558, 1558, 1559, 1559, 1559, 1559, 1566, 1566, 1566, 1568, 1568, 1569, 1569, 1569, 1571, 1574, 1576, 1576, 1578, 1580, 1584, 1584, 1587, 1588, 1591, 1591, 1592, 1593, 1593, 1594, 1595, 1596, 1597, 1597, 1597, 1598, 1601, 1601, 1603, 1603, 1604, 1604, 1604, 1604, 1605, 1605, 1606, 1607, 1607, 1608, 1610, 1611, 1611, 1611, 1612, 1613, 1614, 1615, 1616, 1617, 1618, 1619, 1620, 1620, 1621, 1621, 1622, 1624, 1625, 1627, 1630, 1631, 1632, 1632, 1633, 1634, 1636, 1636, 1638, 1640, 1640, 1642, 1642, 1643, 1643, 1644, 1645, 1645, 1645, 1646, 1646, 1646, 1648, 1648, 1649, 1649, 1650, 1652, 1653, 1654, 1655, 1655, 1656, 1657, 1657, 1659, 1660, 1661, 1661, 1662, 1662, 1663, 1663, 1663, 1664, 1666, 1667, 1668, 1669, 1670, 1670, 1672, 1673, 1675, 1677, 1677, 1678, 1681, 1681, 1681, 1685, 1685, 1686, 1687, 1689, 1689, 1690, 1693, 1693, 1694, 1695, 1696, 1697, 1698, 1698, 1702, 1703, 1703, 1705, 1708, 1710, 1711, 1711, 1711, 1712, 1712, 1713, 1716, 1716, 1716, 1717, 1718, 1720, 1721, 1724, 1724, 1725, 1728, 1730, 1732, 1732, 1733, 1735, 1735, 1735, 1736, 1738, 1738, 1739, 1740, 1742, 1743, 1743, 1744, 1746, 1747, 1748, 1748, 1749, 1749, 1751, 1752, 1753, 1756, 1758, 1758, 1759, 1759, 1760, 1760, 1761, 1762, 1762, 1763, 1763, 1764, 1765, 1766, 1769, 1772, 1774, 1775, 1776, 1776, 1778, 1778, 1780, 1784, 1787, 1789, 1795, 1796, 1796, 1797, 1798, 1801, 1803, 1806, 1808, 1809, 1810, 1810, 1812, 1814, 1815, 1816, 1823, 1827, 1827, 1828, 1829, 1830, 1830, 1832, 1832, 1832, 1833, 1833, 1834, 1839, 1843, 1843, 1845, 1845, 1846, 1846, 1847, 1848, 1848, 1849, 1849, 1849, 1852, 1855, 1859, 1861, 1862, 1864, 1866, 1870, 1870, 1872, 1874, 1874, 1874, 1875, 1876, 1878, 1883, 1886, 1888, 1895, 1896, 1896, 1897, 1897, 1898, 1898, 1899, 1900, 1901, 1901, 1901, 1903, 1910, 1912, 1913, 1913, 1914, 1914, 1914, 1916, 1917, 1917, 1917, 1918, 1918, 1919, 1919, 1921, 1921, 1925, 1925, 1926, 1927, 1928, 1929, 1930, 1931, 1933, 1933, 1934, 1935, 1936, 1941, 1941, 1942, 1942, 1943, 1945, 1945, 1946, 1948, 1950, 1950, 1951, 1954, 1954, 1955, 1956, 1959, 1959, 1959, 1959, 1959, 1960, 1963, 1963, 1964, 1965, 1968, 1969, 1970, 1971, 1972, 1975, 1976, 1980, 1983, 1984, 1985, 1986, 1987, 1989, 1989, 1990, 1992, 1993, 1994, 1997, 1999, 1999, 1999, 1999, 2000, 2000, 2002, 2002, 2003, 2005, 2006, 2006, 2008, 2009, 2009, 2009, 2010, 2010, 2010, 2011, 2012, 2013, 2014, 2015, 2016, 2017, 2017, 2018, 2019, 2019, 2020, 2021, 2021, 2021, 2021, 2025, 2026, 2026, 2027, 2027, 2028, 2028, 2033, 2035, 2036, 2037, 2038, 2038, 2038, 2039, 2039, 2039, 2042, 2043, 2043, 2043, 2043, 2043, 2045, 2048, 2050, 2052, 2057, 2057, 2059, 2061, 2062, 2068, 2069, 2069, 2069, 2069, 2071, 2071, 2072, 2073, 2076, 2078, 2081, 2081, 2082, 2082, 2085, 2086, 2088, 2091, 2091, 2093, 2094, 2098, 2098, 2098, 2099, 2099, 2099, 2101, 2101, 2101, 2103, 2107, 2107, 2108, 2110, 2110, 2111, 2111, 2111, 2112, 2112, 2113, 2119, 2119, 2119, 2120, 2122, 2124, 2125, 2128, 2128, 2129, 2130, 2136, 2137, 2139, 2142, 2143, 2144, 2144, 2144, 2145, 2146, 2147, 2147, 2148, 2149, 2150, 2151, 2152, 2153, 2156, 2157, 2158, 2160, 2161, 2161, 2162, 2168, 2169, 2171, 2173, 2175, 2179, 2180, 2183, 2185, 2192, 2193, 2194, 2196, 2196, 2198, 2198, 2200, 2200, 2201, 2202, 2202, 2202, 2206, 2206, 2207, 2209, 2215, 2215, 2216, 2221, 2221, 2221, 2221, 2222, 2222, 2224, 2225, 2226, 2229, 2230, 2232, 2234, 2235, 2236, 2238, 2241, 2247, 2248, 2251, 2251, 2251, 2254, 2254, 2256, 2256, 2259, 2262, 2263, 2265, 2265, 2266, 2268, 2268, 2269, 2269, 2272, 2272, 2273, 2274, 2274, 2275, 2278, 2279, 2283, 2283, 2283, 2284, 2287, 2289, 2289, 2292, 2293, 2296, 2296, 2299, 2299, 2302, 2303, 2303, 2305, 2306, 2306, 2307, 2310, 2311, 2311, 2312, 2313, 2314, 2315, 2316, 2317, 2318, 2320, 2320, 2321, 2322, 2322, 2324, 2325, 2326, 2329, 2329, 2329, 2330, 2330, 2330, 2330, 2330, 2332, 2332, 2333, 2334, 2334, 2336, 2337, 2338, 2339, 2339, 2341, 2342, 2343, 2343, 2344, 2344, 2345, 2348, 2349, 2352, 2353, 2354, 2357, 2358, 2359, 2361, 2362, 2362, 2363, 2363, 2363, 2364, 2364, 2365, 2368, 2370, 2371, 2371, 2371, 2372, 2373, 2374, 2374, 2376, 2376, 2378, 2383, 2385, 2385, 2385, 2385, 2390, 2392, 2394, 2395, 2398, 2399, 2399, 2400, 2400, 2405, 2406, 2406, 2406, 2412, 2413, 2414, 2414, 2415, 2415, 2418, 2421, 2426, 2426, 2426, 2428, 2428, 2428, 2430, 2430, 2430, 2431, 2431, 2435, 2439, 2440, 2443, 2445, 2446, 2450, 2452, 2452, 2453, 2456, 2462, 2463, 2463, 2465, 2466, 2468, 2468, 2469, 2469, 2469, 2472, 2474, 2476, 2476, 2477, 2479, 2481, 2482, 2483, 2483, 2484, 2486, 2491, 2493, 2493, 2494, 2496, 2497, 2502, 2502, 2504, 2504, 2507, 2508, 2509, 2513, 2514, 2514, 2522, 2523, 2523, 2524, 2525, 2526, 2526, 2526, 2530, 2532, 2533, 2534, 2535, 2538, 2540, 2543, 2544, 2545, 2550, 2552, 2554, 2556, 2559, 2560, 2560, 2562, 2568, 2569, 2570, 2570, 2570, 2572, 2572, 2573, 2573, 2575, 2575, 2576, 2580, 2582, 2583, 2584, 2586, 2586, 2588, 2588, 2589, 2589, 2590, 2591, 2591, 2597, 2597, 2597, 2598, 2601, 2603, 2606, 2606, 2608, 2609, 2611, 2611, 2613, 2620, 2621, 2621, 2625, 2628, 2628, 2630, 2633, 2635, 2639, 2643, 2643, 2646, 2646, 2647, 2647, 2649, 2653, 2653, 2656, 2658, 2660, 2661, 2661, 2661, 2662, 2667, 2668, 2669, 2670, 2671, 2672, 2672, 2673, 2674, 2675, 2677, 2678, 2678, 2678, 2680, 2682, 2682, 2683, 2685, 2687, 2688, 2688, 2688, 2689, 2689, 2691, 2692, 2693, 2696, 2698, 2699, 2700, 2701, 2704, 2704, 2704, 2705, 2707, 2707, 2708, 2708, 2711, 2712, 2715, 2716, 2717, 2717, 2719, 2719, 2719, 2721, 2725, 2725, 2726, 2729, 2729, 2733, 2733, 2733, 2734, 2734, 2735, 2738, 2738, 2739, 2740, 2740, 2740, 2742, 2742, 2743, 2744, 2744, 2745, 2745, 2745, 2746, 2747, 2748, 2749, 2750, 2750, 2752, 2753, 2754, 2754, 2754, 2756, 2756, 2758, 2761, 2763, 2764, 2767, 2768, 2770, 2771, 2772, 2775, 2777, 2778, 2779, 2779, 2781, 2781, 2782, 2782, 2784, 2784, 2784, 2784, 2784, 2785, 2787, 2789, 2789, 2790, 2792, 2796, 2801, 2802, 2813, 2815, 2817, 2817, 2820, 2820, 2821, 2823, 2825, 2825, 2827, 2830, 2834, 2835, 2835, 2836, 2837, 2838, 2838, 2839, 2840, 2841, 2842, 2844, 2846, 2847, 2849, 2852, 2853, 2856, 2857, 2858, 2858, 2859, 2862, 2866, 2868, 2869, 2871, 2871, 2872, 2874, 2876, 2879, 2879, 2882, 2883, 2885, 2888, 2888, 2904, 2904, 2905, 2908, 2911, 2912, 2913, 2914, 2915, 2915, 2915, 2920, 2921, 2922, 2927, 2929, 2930, 2944, 2950, 2956, 2960, 2961, 2961, 2964, 2969, 2969, 2970, 2971, 2971, 2974, 2976, 2976, 2977, 2977, 2979, 2979, 2982, 2983, 2984, 2986, 2987, 2987, 2987, 2987, 2992, 2994, 2994, 2995, 3000, 3000, 3001, 3004, 3004, 3006, 3006, 3006, 3009, 3010, 3010, 3017, 3018, 3018, 3018, 3019, 3020, 3024, 3026, 3032, 3032, 3033, 3033, 3034, 3038, 3041, 3042, 3043, 3044, 3044, 3048, 3050, 3050, 3050, 3053, 3055, 3056, 3056, 3056, 3058, 3058, 3058, 3058, 3059, 3059, 3061, 3061, 3062, 3064, 3066, 3066, 3069, 3070, 3072, 3077, 3077, 3077, 3080, 3080, 3086, 3087, 3087, 3096, 3096, 3097, 3099, 3100, 3100, 3106, 3111, 3115, 3116, 3116, 3121, 3122, 3122, 3124, 3124, 3125, 3127, 3127, 3132, 3133, 3134, 3136, 3137, 3140, 3141, 3142, 3144, 3144, 3146, 3147, 3147, 3149, 3151, 3154, 3154, 3155, 3156, 3156, 3156, 3160, 3162, 3162, 3164, 3166, 3167, 3169, 3169, 3171, 3174, 3178, 3180, 3181, 3181, 3185, 3186, 3187, 3188, 3189, 3189, 3191, 3191, 3192, 3194, 3195, 3196, 3197, 3198, 3198, 3199, 3203, 3206, 3208, 3218, 3218, 3219, 3219, 3220, 3220, 3224, 3225, 3226, 3229, 3229, 3230, 3233, 3235, 3236, 3236, 3238, 3238, 3239, 3241, 3242, 3249, 3254, 3258, 3259, 3261, 3263, 3266, 3266, 3266, 3267, 3268, 3269, 3271, 3278, 3280, 3281, 3282, 3282, 3283, 3284, 3286, 3287, 3289, 3290, 3291, 3291, 3291, 3292, 3294, 3294, 3296, 3297, 3298, 3301, 3305, 3308, 3309, 3311, 3311, 3316, 3316, 3318, 3318, 3323, 3325, 3327, 3328, 3329, 3329, 3332, 3334, 3336, 3337, 3344, 3348, 3348, 3351, 3352, 3353, 3356, 3360, 3362, 3363, 3364, 3365, 3365, 3365, 3368, 3370, 3377, 3378, 3379, 3382, 3383, 3383, 3384, 3384, 3385, 3386, 3387, 3387, 3387, 3389, 3393, 3394, 3397, 3399, 3401, 3403, 3405, 3407, 3407, 3410, 3411, 3412, 3412, 3416, 3418, 3419, 3420, 3422, 3423, 3423, 3428, 3431, 3432, 3433, 3436, 3438, 3439, 3441, 3442, 3443, 3444, 3447, 3448, 3449, 3453, 3454, 3462, 3463, 3463, 3464, 3466, 3467, 3467, 3468, 3469, 3471, 3472, 3474, 3475, 3476, 3476, 3476, 3479, 3479, 3482, 3483, 3488, 3496, 3497, 3499, 3500, 3506, 3511, 3511, 3511, 3512, 3512, 3513, 3515, 3516, 3517, 3521, 3522, 3524, 3524, 3525, 3525, 3530, 3533, 3533, 3535, 3535, 3535, 3536, 3536, 3537, 3538, 3540, 3544, 3545, 3545, 3545, 3546, 3546, 3546, 3548, 3549, 3552, 3553, 3554, 3554, 3556, 3560, 3561, 3568, 3571, 3575, 3575, 3576, 3576, 3577, 3577, 3578, 3578, 3580, 3584, 3585, 3587, 3587, 3587, 3589, 3591, 3593, 3595, 3602, 3604, 3604, 3607, 3609, 3609, 3610, 3612, 3613, 3617, 3619, 3620, 3625, 3627, 3628, 3629, 3629, 3632, 3633, 3635, 3636, 3639, 3639, 3643, 3644, 3644, 3646, 3651, 3652, 3653, 3660, 3662, 3665, 3668, 3669, 3672, 3672, 3676, 3677, 3678, 3679, 3679, 3681, 3682, 3684, 3685, 3687, 3687, 3687, 3690, 3697, 3697, 3699, 3701, 3702, 3706, 3712, 3716, 3717, 3718, 3719, 3723, 3723, 3731, 3731, 3733, 3734, 3742, 3744, 3752, 3754, 3765, 3765, 3768, 3768, 3772, 3776, 3776, 3777, 3778, 3778, 3779, 3780, 3783, 3785, 3787, 3788, 3789, 3790, 3791, 3793, 3793, 3795, 3795, 3797, 3797, 3799, 3802, 3802, 3803, 3803, 3805, 3807, 3808, 3810, 3811, 3813, 3813, 3818, 3819, 3821, 3823, 3824, 3824, 3825, 3825, 3826, 3826, 3826, 3842, 3844, 3848, 3851, 3853, 3857, 3859, 3863, 3864, 3864, 3867, 3867, 3869, 3874, 3874, 3879, 3879, 3883, 3886, 3888, 3888, 3890, 3890, 3893, 3894, 3901, 3906, 3909, 3912, 3913, 3916, 3923, 3925, 3929, 3933, 3934, 3936, 3939, 3941, 3944, 3947, 3948, 3949, 3949, 3955, 3957, 3959, 3962, 3963, 3967, 3969, 3969, 3970, 3972, 3972, 3973, 3974, 3977, 3978, 3978, 3990, 3990, 3992, 3993, 3995, 3997, 3997, 4001, 4004, 4006, 4007, 4009, 4017, 4020, 4021, 4021, 4022, 4030, 4030, 4032, 4036, 4037, 4041, 4045, 4046, 4048, 4062, 4063, 4065, 4071, 4076, 4077, 4078, 4079, 4080, 4084, 4085, 4087, 4088, 4089, 4091, 4092, 4094, 4094, 4095, 4095, 4099, 4103, 4103, 4106, 4107, 4109, 4110, 4112, 4118, 4119, 4120, 4122, 4123, 4126, 4131, 4136, 4137, 4139, 4142, 4143, 4144, 4144, 4152, 4152, 4155, 4160, 4167, 4168, 4170, 4171, 4171, 4172, 4179, 4183, 4190, 4194, 4199, 4202, 4207, 4208, 4209, 4211, 4212, 4213, 4213, 4215, 4217, 4220, 4224, 4224, 4227, 4232, 4238, 4241, 4245, 4245, 4246, 4248, 4248, 4250, 4252, 4254, 4254, 4256, 4256, 4258, 4259, 4263, 4268, 4269, 4269, 4270, 4272, 4278, 4279, 4279, 4283, 4283, 4283, 4288, 4292, 4296, 4299, 4305, 4306, 4307, 4307, 4308, 4308, 4309, 4313, 4318, 4319, 4323, 4324, 4325, 4325, 4328, 4331, 4332, 4333, 4333, 4340, 4344, 4349, 4350, 4351, 4351, 4351, 4353, 4357, 4358, 4369, 4369, 4370, 4370, 4370, 4374, 4376, 4379, 4381, 4384, 4390, 4390, 4392, 4392, 4393, 4397, 4398, 4400, 4402, 4405, 4425, 4426, 4428, 4431, 4431, 4432, 4434, 4435, 4437, 4437, 4438, 4439, 4439, 4439, 4441, 4441, 4443, 4444, 4444, 4445, 4446, 4446, 4448, 4449, 4449, 4449, 4449, 4451, 4451, 4451, 4453, 4454, 4455, 4456, 4456, 4458, 4464, 4465, 4467, 4467, 4470, 4480, 4481, 4482, 4489, 4489, 4490, 4493, 4495, 4496, 4498, 4501, 4503, 4503, 4505, 4508, 4509, 4509, 4509, 4510, 4515, 4521, 4524, 4527, 4530, 4534, 4534, 4538, 4538, 4540, 4544, 4546, 4547, 4548, 4552, 4554, 4562, 4569, 4571, 4572, 4572, 4572, 4575, 4577, 4578, 4580, 4580, 4580, 4581, 4597, 4598, 4598, 4605, 4609, 4609, 4610, 4611, 4613, 4615, 4618, 4619, 4620, 4621, 4622, 4624, 4628, 4631, 4636, 4637, 4638, 4638, 4642, 4642, 4651, 4661, 4662, 4662, 4662, 4667, 4669, 4670, 4673, 4675, 4682, 4684, 4687, 4688, 4689, 4690, 4691, 4691, 4693, 4694, 4695, 4696, 4696, 4702, 4718, 4719, 4720, 4724, 4725, 4729, 4730, 4732, 4732, 4733, 4734, 4735, 4737, 4737, 4737, 4737, 4744, 4746, 4748, 4748, 4750, 4755, 4757, 4757, 4760, 4760, 4762, 4767, 4768, 4772, 4781, 4781, 4781, 4785, 4788, 4789, 4790, 4791, 4795, 4796, 4796, 4799, 4800, 4801, 4807, 4807, 4812, 4819, 4823, 4830, 4834, 4836, 4840, 4842, 4842, 4844, 4845, 4846, 4847, 4851, 4852, 4853, 4856, 4856, 4857, 4857, 4858, 4859, 4860, 4862, 4866, 4868, 4871, 4879, 4882, 4882, 4887, 4889, 4893, 4894, 4898, 4901, 4901, 4904, 4905, 4906, 4910, 4912, 4914, 4916, 4918, 4921, 4921, 4925, 4938, 4941, 4941, 4941, 4942, 4944, 4945, 4949, 4950, 4953, 4954, 4961, 4963, 4972, 4973, 4976, 4981, 4982, 4982, 4986, 4989, 4990, 4990, 4993, 4995, 4997, 5003, 5014, 5014, 5015, 5025, 5026, 5028, 5038, 5040, 5046, 5049, 5051, 5053, 5055, 5061, 5062, 5066, 5073, 5076, 5078, 5080, 5081, 5088, 5088, 5088, 5093, 5099, 5100, 5102, 5105, 5105, 5106, 5106, 5108, 5108, 5109, 5109, 5112, 5117, 5119, 5123, 5123, 5124, 5125, 5127, 5130, 5130, 5132, 5133, 5133, 5135, 5136, 5139, 5143, 5146, 5149, 5153, 5153, 5154, 5155, 5159, 5159, 5160, 5164, 5167, 5167, 5176, 5177, 5184, 5192, 5194, 5195, 5198, 5200, 5201, 5206, 5207, 5208, 5209, 5211, 5213, 5213, 5216, 5216, 5217, 5224, 5226, 5226, 5232, 5232, 5235, 5240, 5253, 5273, 5279, 5281, 5289, 5293, 5294, 5294, 5296, 5296, 5297, 5301, 5304, 5310, 5311, 5312, 5316, 5319, 5319, 5321, 5322, 5331, 5333, 5333, 5334, 5336, 5340, 5343, 5351, 5357, 5360, 5365, 5371, 5371, 5372, 5372, 5376, 5376, 5377, 5380, 5381, 5388, 5389, 5399, 5401, 5401, 5404, 5404, 5415, 5415, 5416, 5416, 5418, 5420, 5421, 5421, 5426, 5428, 5429, 5431, 5434, 5437, 5439, 5443, 5445, 5451, 5451, 5452, 5452, 5463, 5467, 5468, 5473, 5477, 5477, 5481, 5484, 5484, 5485, 5487, 5488, 5494, 5498, 5499, 5503, 5515, 5517, 5526, 5529, 5544, 5545, 5546, 5547, 5547, 5552, 5553, 5562, 5566, 5567, 5574, 5576, 5578, 5581, 5581, 5583, 5583, 5583, 5586, 5588, 5589, 5590, 5590, 5591, 5596, 5596, 5596, 5597, 5598, 5608, 5609, 5609, 5610, 5611, 5614, 5618, 5619, 5620, 5625, 5628, 5629, 5630, 5639, 5640, 5641, 5644, 5648, 5651, 5654, 5656, 5656, 5657, 5659, 5660, 5661, 5669, 5680, 5682, 5684, 5684, 5687, 5691, 5691, 5696, 5696, 5699, 5710, 5712, 5722, 5723, 5726, 5728, 5729, 5734, 5734, 5741, 5744, 5752, 5752, 5754, 5764, 5764, 5768, 5779, 5780, 5780, 5781, 5782, 5798, 5801, 5804, 5806, 5806, 5807, 5811, 5813, 5815, 5821, 5823, 5831, 5832, 5836, 5837, 5840, 5840, 5851, 5855, 5872, 5880, 5886, 5888, 5889, 5890, 5892, 5894, 5894, 5896, 5900, 5905, 5910, 5911, 5917, 5918, 5919, 5930, 5932, 5939, 5939, 5939, 5942, 5949, 5952, 5953, 5954, 5958, 5960, 5968, 5968, 5971, 5973, 5974, 5974, 5975, 5976, 5977, 5981, 5984, 5988, 5994, 6006, 6008, 6036, 6039, 6039, 6043, 6044, 6045, 6045, 6049, 6050, 6058, 6062, 6063, 6068, 6069, 6074, 6080, 6081, 6082, 6083, 6086, 6087, 6092, 6097, 6100, 6100, 6103, 6111, 6114, 6122, 6142, 6142, 6142, 6149, 6151, 6153, 6157, 6162, 6165, 6167, 6169, 6171, 6172, 6175, 6195, 6198, 6199, 6203, 6205, 6206, 6207, 6207, 6208, 6208, 6208, 6209, 6210, 6211, 6213, 6215, 6216, 6221, 6226, 6229, 6230, 6231, 6243, 6243, 6244, 6244, 6246, 6250, 6250, 6257, 6266, 6267, 6267, 6270, 6271, 6274, 6283, 6286, 6286, 6286, 6286, 6290, 6299, 6306, 6307, 6309, 6313, 6313, 6318, 6320, 6321, 6324, 6325, 6326, 6333, 6344, 6344, 6345, 6345, 6345, 6346, 6348, 6349, 6350, 6353, 6354, 6356, 6358, 6362, 6362, 6366, 6367, 6369, 6373, 6389, 6389, 6391, 6392, 6395, 6404, 6404, 6406, 6409, 6421, 6423, 6423, 6428, 6429, 6434, 6437, 6444, 6451, 6454, 6456, 6459, 6459, 6461, 6462, 6468, 6472, 6472, 6473, 6474, 6475, 6476, 6477, 6479, 6485, 6488, 6494, 6499, 6500, 6504, 6511, 6514, 6516, 6528, 6539, 6550, 6550, 6557, 6561, 6562, 6573, 6575, 6576, 6579, 6582, 6583, 6594, 6595, 6595, 6604, 6615, 6617, 6627, 6631, 6642, 6647, 6650, 6651, 6654, 6659, 6663, 6663, 6668, 6676, 6681, 6685, 6687, 6688, 6690, 6691, 6697, 6698, 6701, 6703, 6718, 6724, 6724, 6727, 6734, 6737, 6747, 6747, 6747, 6749, 6752, 6753, 6755, 6760, 6761, 6767, 6769, 6777, 6780, 6783, 6786, 6791, 6795, 6796, 6804, 6804, 6814, 6817, 6818, 6819, 6819, 6819, 6828, 6833, 6835, 6836, 6843, 6843, 6845, 6845, 6853, 6875, 6880, 6887, 6889, 6909, 6913, 6924, 6924, 6927, 6931, 6931, 6932, 6935, 6958, 6960, 6976, 6980, 6984, 6987, 6989, 6997, 7001, 7003, 7004, 7016, 7020, 7021, 7022, 7024, 7026, 7027, 7041, 7043, 7047, 7052, 7052, 7056, 7070, 7072, 7076, 7083, 7092, 7093, 7096, 7097, 7098, 7109, 7113, 7113, 7124, 7132, 7142, 7163, 7167, 7169, 7169, 7171, 7187, 7188, 7189, 7192, 7197, 7197, 7205, 7212, 7214, 7236, 7238, 7241, 7242, 7251, 7253, 7256, 7261, 7265, 7271, 7271, 7273, 7277, 7280, 7295, 7295, 7300, 7305, 7308, 7311, 7311, 7313, 7322, 7327, 7334, 7339, 7342, 7348, 7359, 7368, 7369, 7372, 7374, 7374, 7377, 7380, 7389, 7393, 7399, 7405, 7409, 7409, 7409, 7410, 7420, 7425, 7431, 7435, 7443, 7447, 7459, 7461, 7469, 7481, 7488, 7495, 7502, 7503, 7513, 7516, 7523, 7525, 7528, 7529, 7536, 7545, 7547, 7557, 7559, 7569, 7572, 7577, 7587, 7588, 7605, 7608, 7612, 7615, 7616, 7616, 7633, 7636, 7641, 7642, 7650, 7653, 7654, 7672, 7677, 7685, 7687, 7690, 7690, 7693, 7699, 7704, 7709, 7716, 7719, 7728, 7729, 7730, 7738, 7739, 7739, 7743, 7749, 7756, 7760, 7762, 7777, 7779, 7786, 7801, 7801, 7803, 7805, 7809, 7809, 7813, 7815, 7825, 7826, 7838, 7839, 7855, 7859, 7867, 7871, 7880, 7884, 7885, 7892, 7893, 7907, 7911, 7912, 7918, 7923, 7931, 7932, 7936, 7945, 7946, 7948, 7951, 7953, 7953, 7961, 7965, 7966, 7973, 7976, 7980, 7994, 7995, 8003, 8003, 8016, 8019, 8022, 8024, 8030, 8034, 8046, 8047, 8048, 8064, 8068, 8070, 8072, 8073, 8075, 8076, 8081, 8082, 8088, 8091, 8111, 8112, 8114, 8114, 8114, 8117, 8118, 8120, 8121, 8123, 8124, 8129, 8131, 8138, 8139, 8152, 8155, 8157, 8163, 8164, 8172, 8173, 8184, 8193, 8201, 8218, 8221, 8221, 8227, 8231, 8236, 8237, 8242, 8244, 8252, 8254, 8267, 8276, 8278, 8284, 8285, 8296, 8297, 8303, 8308, 8319, 8323, 8326, 8332, 8349, 8351, 8351, 8360, 8362, 8373, 8382, 8428, 8434, 8445, 8453, 8454, 8466, 8475, 8479, 8480, 8484, 8495, 8502, 8508, 8517, 8519, 8522, 8528, 8533, 8538, 8540, 8544, 8567, 8569, 8573, 8574, 8578, 8582, 8588, 8593, 8594, 8597, 8601, 8601, 8606, 8612, 8618, 8627, 8629, 8640, 8641, 8649, 8655, 8670, 8675, 8679, 8684, 8685, 8696, 8699, 8700, 8701, 8708, 8714, 8717, 8722, 8725, 8743, 8751, 8755, 8762, 8766, 8772, 8774, 8775, 8777, 8795, 8796, 8816, 8833, 8836, 8836, 8848, 8849, 8856, 8867, 8873, 8880, 8882, 8885, 8894, 8910, 8911, 8912, 8920, 8928, 8933, 8934, 8944, 8948, 8950, 8958, 8963, 8969, 8973, 8973, 8983, 8992, 8997, 9018, 9023, 9026, 9030, 9036, 9038, 9041, 9042, 9049, 9055, 9056, 9060, 9086, 9089, 9115, 9117, 9120, 9133, 9141, 9142, 9147, 9158, 9160, 9187, 9188, 9193, 9214, 9216, 9217, 9217, 9246, 9247, 9256, 9264, 9275, 9280, 9291, 9304, 9304, 9307, 9310, 9313, 9338, 9341, 9344, 9344, 9361, 9373, 9378, 9405, 9425, 9425, 9427, 9437, 9437, 9447, 9451, 9469, 9472, 9475, 9475, 9475, 9481, 9491, 9509, 9531, 9538, 9555, 9583, 9587, 9591, 9603, 9609, 9611, 9612, 9619, 9628, 9630, 9668, 9677, 9685, 9686, 9691, 9702, 9711, 9716, 9722, 9734, 9737, 9738, 9748, 9751, 9754, 9754, 9780, 9791, 9794, 9832, 9834, 9839, 9839, 9841, 9858, 9866, 9874, 9887, 9920, 9921, 9932, 9935, 9945, 9963, 9967, 9971, 9972, 9989, 9989]",[9422. 6090. 9804. ...   10. 4275. 3376.],42,1000000,0.021799811491616694,0.28727374478345147,375,16500,1000000,2,1,1,-1.0,1,11,False,inf,-2.05,10000
1684277480,ISPRO.bc03,"[64, 65, 65, 76, 80, 81, 85, 86, 88, 88, 90, 91, 91, 92, 94, 96, 97, 97, 99, 102, 102, 104, 104, 105, 105, 109, 111, 111, 112, 113, 113, 113, 114, 115, 116, 116, 116, 117, 118, 118, 118, 119, 121, 121, 121, 121, 122, 124, 126, 126, 126, 128, 128, 129, 129, 129, 130, 132, 132, 134, 134, 134, 135, 135, 137, 138, 138, 140, 140, 140, 141, 141, 141, 142, 142, 142, 143, 144, 144, 144, 145, 146, 147, 147, 148, 148, 149, 150, 150, 150, 151, 151, 152, 152, 152, 152, 153, 153, 154, 154, 155, 155, 155, 156, 156, 157, 157, 157, 157, 160, 161, 161, 162, 162, 163, 164, 164, 167, 169, 169, 170, 170, 171, 171, 172, 172, 173, 173, 175, 177, 177, 177, 179, 179, 180, 181, 183, 183, 183, 186, 186, 187, 189, 190, 191, 191, 192, 192, 193, 194, 197, 198, 198, 199, 200, 201, 201, 203, 203, 203, 203, 203, 204, 204, 205, 205, 206, 206, 208, 208, 208, 212, 213, 213, 214, 218, 219, 220, 225, 227, 227, 228, 229, 229, 232, 232, 232, 233, 234, 235, 237, 238, 242, 244, 244, 244, 245, 246, 247, 247, 251, 252, 252, 254, 254, 255, 255, 256, 257, 258, 260, 261, 263, 264, 264, 265, 266, 266, 267, 267, 267, 267, 269, 269, 270, 272, 273, 273, 273, 274, 275, 275, 275, 276, 276, 278, 278, 279, 279, 279, 281, 285, 286, 286, 286, 286, 287, 288, 291, 293, 295, 295, 296, 297, 303, 303, 306, 308, 309, 315, 315, 316, 320, 323, 324, 324, 325, 326, 326, 328, 328, 329, 329, 331, 332, 332, 332, 332, 333, 333, 333, 333, 336, 337, 337, 340, 340, 343, 344, 345, 346, 346, 347, 349, 351, 351, 353, 354, 358, 360, 360, 360, 367, 369, 369, 371, 372, 372, 373, 373, 374, 375, 375, 375, 375, 377, 377, 378, 378, 380, 381, 383, 383, 383, 388, 389, 390, 392, 392, 395, 398, 399, 401, 402, 409, 411, 411, 411, 420, 421, 421, 425, 428, 428, 429, 432, 434, 437, 437, 437, 438, 439, 440, 440, 441, 441, 443, 446, 447, 447, 449, 449, 450, 453, 454, 455, 455, 455, 460, 463, 464, 464, 465, 465, 465, 466, 466, 470, 474, 476, 477, 478, 479, 481, 482, 483, 484, 490, 490, 498, 500, 501, 501, 505, 505, 509, 512, 514, 515, 515, 518, 522, 525, 525, 526, 530, 541, 543, 545, 547, 552, 556, 556, 560, 568, 571, 571, 573, 575, 576, 578, 581, 586, 591, 600, 601, 601, 614, 619, 621, 622, 623, 626, 628, 636, 637, 637, 638, 643, 644, 650, 652, 653, 653, 653, 654, 660, 663, 667, 670, 673, 674, 676, 677, 677, 677, 678, 682, 685, 689, 695, 695, 698, 705, 706, 709, 712, 719, 726, 728, 733, 735, 741, 741, 744, 750, 751, 751, 751, 753, 754, 756, 763, 768, 771, 775, 776, 776, 779, 780, 783, 785, 791, 802, 803, 804, 806, 808, 811, 812, 823, 826, 828, 830, 833, 836, 852, 855, 858, 859, 865, 874, 878, 879, 880, 891, 900, 905, 910, 918, 919, 928, 932, 935, 940, 943, 948, 951, 951, 954, 963, 973, 977, 983, 988, 989, 1001, 1007, 1012, 1019, 1019, 1020, 1020, 1020, 1045, 1050, 1064, 1074, 1079, 1079, 1095, 1096, 1098, 1101, 1128, 1129, 1135, 1137, 1137, 1138, 1148, 1153, 1154, 1161, 1171, 1199, 1204, 1213, 1222, 1226, 1230, 1242, 1242, 1244, 1256, 1257, 1260, 1268, 1269, 1279, 1289, 1290, 1291, 1296, 1312, 1329, 1369, 1372, 1372, 1375, 1381, 1391, 1405, 1413, 1418, 1420, 1436, 1447, 1452, 1476, 1479, 1483, 1496, 1501, 1503, 1508, 1518, 1522, 1527, 1556, 1558, 1560, 1564, 1565, 1590, 1592, 1599, 1604, 1607, 1608, 1615, 1624, 1651, 1668, 1672, 1679, 1680, 1687, 1691, 1698, 1705, 1707, 1717, 1723, 1735, 1753, 1756, 1762, 1775, 1788, 1798, 1798, 1819, 1835, 1839, 1863, 1888, 1900, 1904, 1905, 1917, 1923, 1926, 1954, 1963, 1966, 1966, 1971, 1975, 1983, 2004, 2014, 2020, 2022, 2032, 2062, 2068, 2074, 2093, 2100, 2103, 2114, 2115, 2118, 2132, 2134, 2138, 2147, 2160, 2185, 2201, 2208, 2226, 2234, 2241, 2242, 2257, 2263, 2279, 2317, 2335, 2337, 2343, 2350, 2385, 2422, 2431, 2452, 2460, 2464, 2508, 2514, 2538, 2545, 2548, 2591, 2603, 2647, 2661, 2664, 2679, 2697, 2702, 2706, 2728, 2744, 2762, 2776, 2776, 2835, 2871, 2890, 2901, 2921, 2934, 2977, 3002, 3046, 3081, 3106, 3120, 3143, 3184, 3256, 3297, 3311, 3397, 3399, 3409, 3432, 3435, 3446, 3479, 3528, 3653, 3660, 3683, 3706, 3757, 3779, 3806, 3914, 3938, 3968, 3993, 4051, 4080, 4101, 4143, 4170, 4201, 4283, 4292, 4361, 4371, 4383, 4427, 4515, 4542, 4583, 4609, 4665, 4692, 4695, 4704, 4764, 4879, 4883, 4891, 4971, 4973, 5017, 5022, 5064, 5087, 5116, 5145, 5194, 5289, 5302, 5326, 5395, 5444, 5447, 5454, 5469, 5639, 5685, 5771, 5820, 5963, 5987, 6005, 6177, 6532, 6630, 6723, 6814, 6828, 6876, 7245, 7401, 7856, 7866, 8034, 8108, 8162, 8287, 8326, 8389, 8722, 8770, 8775, 8797, 8840, 8858, 9321, 9715, 9928]",[4025. 6526. 9652. ...  256.   19.  381.],42,1000000,0.04582211701927219,0.26072212759841884,135,16500,100000,2,1,1,-0.5,1,10,False,inf,-2.1,10000
1684277625,ISPRO.bc01,"[59, 60, 74, 74, 75, 79, 81, 81, 83, 86, 86, 87, 89, 90, 90, 90, 93, 93, 93, 95, 96, 96, 96, 97, 98, 98, 99, 99, 99, 100, 101, 101, 101, 102, 102, 103, 104, 104, 104, 104, 105, 105, 105, 106, 106, 106, 106, 107, 107, 107, 108, 108, 108, 109, 109, 109, 110, 110, 110, 110, 110, 111, 112, 113, 113, 113, 114, 114, 115, 115, 115, 115, 115, 115, 116, 116, 117, 117, 117, 117, 117, 118, 118, 118, 118, 118, 119, 119, 119, 119, 120, 120, 120, 121, 121, 121, 121, 122, 122, 122, 122, 122, 123, 123, 124, 124, 124, 124, 124, 125, 125, 125, 126, 126, 126, 127, 127, 127, 127, 128, 128, 128, 129, 129, 129, 129, 130, 130, 131, 131, 131, 132, 132, 132, 132, 132, 133, 133, 133, 134, 134, 135, 135, 135, 136, 136, 136, 136, 137, 137, 137, 137, 137, 138, 138, 138, 138, 139, 139, 140, 140, 140, 140, 140, 140, 141, 141, 141, 142, 143, 143, 143, 143, 144, 144, 144, 144, 144, 144, 145, 145, 145, 145, 145, 145, 145, 145, 146, 146, 147, 147, 147, 148, 148, 150, 150, 150, 150, 150, 151, 151, 151, 152, 153, 153, 154, 154, 154, 154, 154, 154, 154, 155, 156, 156, 156, 156, 156, 157, 157, 157, 157, 157, 157, 158, 158, 158, 159, 159, 160, 161, 161, 162, 162, 162, 162, 163, 164, 164, 164, 164, 165, 165, 166, 166, 167, 167, 168, 168, 168, 168, 169, 170, 170, 170, 170, 170, 171, 172, 172, 172, 172, 172, 172, 172, 174, 174, 174, 174, 175, 175, 175, 176, 176, 177, 178, 178, 178, 178, 178, 178, 180, 180, 180, 180, 181, 182, 183, 183, 183, 184, 184, 184, 185, 185, 187, 187, 187, 187, 188, 191, 191, 191, 192, 192, 193, 193, 193, 193, 193, 195, 195, 195, 195, 196, 196, 196, 197, 198, 198, 199, 200, 200, 200, 200, 200, 202, 203, 205, 205, 206, 206, 206, 207, 208, 208, 209, 209, 209, 210, 210, 211, 211, 211, 213, 213, 213, 214, 214, 214, 215, 217, 219, 219, 223, 224, 224, 225, 227, 228, 229, 229, 230, 231, 232, 232, 233, 234, 237, 238, 239, 239, 240, 241, 242, 242, 242, 243, 244, 244, 246, 247, 247, 248, 248, 248, 248, 249, 251, 252, 253, 254, 258, 258, 260, 261, 261, 261, 264, 266, 269, 269, 270, 271, 272, 275, 276, 276, 279, 279, 281, 281, 283, 286, 289, 291, 291, 293, 294, 295, 297, 298, 298, 300, 301, 301, 302, 306, 306, 308, 308, 310, 313, 314, 315, 319, 321, 321, 324, 325, 326, 330, 331, 335, 335, 336, 337, 338, 338, 340, 350, 360, 362, 363, 367, 368, 370, 374, 374, 375, 375, 377, 377, 377, 378, 381, 384, 387, 387, 389, 391, 393, 393, 394, 398, 399, 399, 401, 407, 409, 414, 418, 420, 420, 421, 422, 424, 427, 430, 439, 452, 484, 484, 487, 489, 489, 491, 491, 494, 496, 497, 498, 506, 510, 523, 535, 537, 538, 545, 551, 562, 563, 578, 602, 611, 617, 622, 623, 626, 631, 633, 648, 655, 662, 668, 668, 693, 702, 702, 703, 720, 723, 726, 730, 754, 763, 779, 828, 861, 959, 971, 975, 1053, 1054, 1056, 1060, 1146, 1298, 1473, 1655, 1759, 1903, 2012, 2013, 2020, 2131, 2137, 2224, 2243, 2274, 2557, 2985, 3056, 3079, 3278, 3575, 3907, 3963, 4507, 5892, 6185, 6628, 8102, 8905, 9408]",[163. 149. 181. ... 159.  94.  98.],42,1000000,0.04929683306494901,0.34548820275597414,110,16500,1000,2,1,1,0.36,1,10,False,115.0,-2.5,10000
